<?xml version="1.0" encoding="UTF-8"?>
<panorama id="">
  <view fovmode="0" pannorth="0">
    <start pan="0" fov="70" tilt="0"/>
    <min pan="0" fov="5" tilt="-90"/>
    <max pan="360" fov="120" tilt="90"/>
  </view>
  <userdata title="" datetime="2016:04:22 13:20:05" description="" copyright="" tags="" author="" source="" comment="" info="" longitude="" latitude=""/>
  <hotspots width="180" height="20" wordwrap="1">
    <label width="180" backgroundalpha="1" enabled="1" height="20" backgroundcolor="0xffffff" bordercolor="0x000000" border="1" textcolor="0x000000" background="1" borderalpha="1" borderradius="1" wordwrap="1" textalpha="1"/>
    <polystyle mode="0" backgroundalpha="0.2509803921568627" backgroundcolor="0x0000ff" bordercolor="0x0000ff" borderalpha="1"/>
  </hotspots>
  <media/>
  <input tile0url="images/Levante-360-0422－high_o_0.jpg" prev5url="images/Levante-360-0422－high_o_preview_5.jpg" prev4url="images/Levante-360-0422－high_o_preview_4.jpg" prev3url="images/Levante-360-0422－high_o_preview_3.jpg" prev2url="images/Levante-360-0422－high_o_preview_2.jpg" prev1url="images/Levante-360-0422－high_o_preview_1.jpg" prev0url="images/Levante-360-0422－high_o_preview_0.jpg" tile5url="images/Levante-360-0422－high_o_5.jpg" tilesize="1200" tile4url="images/Levante-360-0422－high_o_4.jpg" tile3url="images/Levante-360-0422－high_o_3.jpg" tilescale="1.008333333333333" tile2url="images/Levante-360-0422－high_o_2.jpg" tile1url="images/Levante-360-0422－high_o_1.jpg">
    <preview color="0x808080"/>
  </input>
  <altinput tile0url="images/Levante-360-0422－high_o_800_0.jpg" screensize="800" tile5url="images/Levante-360-0422－high_o_800_5.jpg" tilesize="800" tile4url="images/Levante-360-0422－high_o_800_4.jpg" tile3url="images/Levante-360-0422－high_o_800_3.jpg" tilescale="1.008333333333333" tile2url="images/Levante-360-0422－high_o_800_2.jpg" tile1url="images/Levante-360-0422－high_o_800_1.jpg"/>
  <control simulatemass="1" lockedmouse="0" lockedkeyboard="0" dblclickfullscreen="0" invertwheel="0" lockedwheel="0" invertcontrol="1" speedwheel="1" sensitivity="8"/>
</panorama>
